Statistic,Temperature,Precipitation,Soil Moisture
Mean,10.686366077923552,1.7349442163583861,0.3348484333806668
Deviation,5.070581664330368,0.8660742767200182,0.049113372992959585
