Statistic,Temperature,Precipitation,Soil Moisture
Mean,14.212788464268458,1.1731564547721147,0.23743250970095048
Deviation,7.6762283012922055,1.0788196097590235,0.08463800754272537
