Statistic,Temperature,Precipitation,Soil Moisture
Mean,23.542679629990545,3.0348191529392636,0.22057415209850434
Deviation,2.463868739279097,1.9697419081389633,0.05093413252697293
